Workbook

Sheet Dashboard
A1: 📊 GrahVarta — Resource Expiry Dashboard
A3: DOMAIN SUMMARY
A4: Total Domains | B4: =COUNTA('Domain Tracker'!B3:B200)
A5: Critical (≤30 days) | B5: =COUNTIF('Domain Tracker'!G3:G200,"🔴 Critical")
A6: Expiring Soon (≤90 days) | B6: =COUNTIF('Domain Tracker'!G3:G200,"🟡 Expiring Soon")
A7: Active / Healthy | B7: =COUNTIF('Domain Tracker'!G3:G200,"🟢 Active")
A9: HOSTING SUMMARY
A10: Total Services | B10: =COUNTA('Hosting Tracker'!B3:B200)
A11: Critical (≤30 days) | B11: =COUNTIF('Hosting Tracker'!I3:I200,"🔴 Critical")
A12: Expiring Soon (≤90 days) | B12: =COUNTIF('Hosting Tracker'!I3:I200,"🟡 Expiring Soon")
A13: Active / Healthy | B13: =COUNTIF('Hosting Tracker'!I3:I200,"🟢 Active")
A14: Monthly Cost (USD) | B14: =SUM('Hosting Tracker'!J3:J200)
A16: Last updated: 12 Sep 2026

Sheet Domain Tracker
A1: 🌐 GrahVarta — Domain Resource Tracker
A2: S.No | B2: Domain Name | C2: Registrar | D2: Purchase Date | E2: Expiry Date | F2: Days Remaining | G2: Status | H2: Auto-Renew | I2: DNS Provider | J2: SSL Expiry | K2: Linked Project | L2: Notes
A3: 1 | B3: grahvarta.com | C3: GoDaddy | D3: 45366 | E3: 46096 | F3: =E3-TODAY() | G3: =IF(F3="","",IF(F3<=30,"🔴 Critical",IF(F3<=90,"🟡 Expiring Soon","🟢 Active"))) | H3: Yes | I3: Cloudflare | J3: 46188 | K3: Main App | L3: Primary domain
A4: 2 | B4: grahvarta.in | C4: Namecheap | D4: 45413 | E4: 46143 | F4: =E4-TODAY() | G4: =IF(F4="","",IF(F4<=30,"🔴 Critical",IF(F4<=90,"🟡 Expiring Soon","🟢 Active"))) | H4: Yes | I4: Cloudflare | J4: 46143 | K4: India Market
A5: 3 | B5: grahvarta.app | C5: Google | D5: 45677 | E5: 46042 | F5: =E5-TODAY() | G5: =IF(F5="","",IF(F5<=30,"🔴 Critical",IF(F5<=90,"🟡 Expiring Soon","🟢 Active"))) | H5: No | I5: Google DNS | J5: 46022 | K5: PWA | L5: Renewal pending
A6: 4 | B6: astrology.grahvarta.com | C6: GoDaddy | D6: 45514 | E6: 46244 | F6: =E6-TODAY() | G6: =IF(F6="","",IF(F6<=30,"🔴 Critical",IF(F6<=90,"🟡 Expiring Soon","🟢 Active"))) | H6: Yes | I6: Cloudflare | J6: 46244 | K6: Astrologer App | L6: Subdomain
G7: =IF(F7="","",IF(F7<=30,"🔴 Critical",IF(F7<=90,"🟡 Expiring Soon","🟢 Active")))
G8: =IF(F8="","",IF(F8<=30,"🔴 Critical",IF(F8<=90,"🟡 Expiring Soon","🟢 Active")))
G9: =IF(F9="","",IF(F9<=30,"🔴 Critical",IF(F9<=90,"🟡 Expiring Soon","🟢 Active")))
G10: =IF(F10="","",IF(F10<=30,"🔴 Critical",IF(F10<=90,"🟡 Expiring Soon","🟢 Active")))
G11: =IF(F11="","",IF(F11<=30,"🔴 Critical",IF(F11<=90,"🟡 Expiring Soon","🟢 Active")))
G12: =IF(F12="","",IF(F12<=30,"🔴 Critical",IF(F12<=90,"🟡 Expiring Soon","🟢 Active")))
G13: =IF(F13="","",IF(F13<=30,"🔴 Critical",IF(F13<=90,"🟡 Expiring Soon","🟢 Active")))
G14: =IF(F14="","",IF(F14<=30,"🔴 Critical",IF(F14<=90,"🟡 Expiring Soon","🟢 Active")))
G15: =IF(F15="","",IF(F15<=30,"🔴 Critical",IF(F15<=90,"🟡 Expiring Soon","🟢 Active")))
G16: =IF(F16="","",IF(F16<=30,"🔴 Critical",IF(F16<=90,"🟡 Expiring Soon","🟢 Active")))
G17: =IF(F17="","",IF(F17<=30,"🔴 Critical",IF(F17<=90,"🟡 Expiring Soon","🟢 Active")))
G18: =IF(F18="","",IF(F18<=30,"🔴 Critical",IF(F18<=90,"🟡 Expiring Soon","🟢 Active")))
... G202: =IF(F202="","",IF(F202<=30,"🔴 Critical",IF(F202<=90,"🟡 Expiring Soon","🟢 Active")))

Sheet Hosting Tracker
A1: 🖥️ GrahVarta — Hosting Resource Tracker
A2: S.No | B2: Service Name | C2: Provider | D2: Type | E2: Region | F2: Purchase Date | G2: Expiry Date | H2: Days Remaining | I2: Status | J2: Monthly Cost | K2: Auto-Renew | L2: Linked Domain | M2: Notes
A3: 1 | B3: AWS EC2 – Main | C3: AWS | D3: VPS / EC2 | E3: ap-south-1 | F3: 45658 | G3: 46023 | H3: =G3-TODAY() | I3: =IF(G3="","",IF(G3>TODAY()+3650,"🔵 Permanent",IF(H3<=30,"🔴 Critical",IF(H3<=90,"🟡 Expiring Soon","🟢 Active")))) | J3: 45 | K3: Yes | L3: grahvarta.com | M3: t3.medium instance
A4: 2 | B4: Firebase Hosting | C4: Google | D4: Static / CDN | E4: Global | F4: 45458 | G4: 46188 | H4: =G4-TODAY() | I4: =IF(G4="","",IF(G4>TODAY()+3650,"🔵 Permanent",IF(H4<=30,"🔴 Critical",IF(H4<=90,"🟡 Expiring Soon","🟢 Active")))) | J4: 0 | K4: Yes | L4: grahvarta.app | M4: Free tier
A5: 3 | B5: AWS RDS – Postgres | C5: AWS | D5: Managed Database | E5: ap-south-1 | F5: 45658 | G5: 46023 | H5: =G5-TODAY() | I5: =IF(G5="","",IF(G5>TODAY()+3650,"🔵 Permanent",IF(H5<=30,"🔴 Critical",IF(H5<=90,"🟡 Expiring Soon","🟢 Active")))) | J5: 35 | K5: Yes | L5: grahvarta.com | M5: db.t3.micro
A6: 4 | B6: Cloudflare Pro | C6: Cloudflare | D6: CDN / Security | E6: Global | F6: 45717 | G6: 46082 | H6: =G6-TODAY() | I6: =IF(G6="","",IF(G6>TODAY()+3650,"🔵 Permanent",IF(H6<=30,"🔴 Critical",IF(H6<=90,"🟡 Expiring Soon","🟢 Active")))) | J6: 20 | K6: Yes | L6: All domains
A7: 5 | B7: Play Store Account | C7: Google | D7: App Distribution | E7: Global | F7: 45301 | G7: 73050 | H7: =G7-TODAY() | I7: =IF(G7="","",IF(G7>TODAY()+3650,"🔵 Permanent",IF(H7<=30,"🔴 Critical",IF(H7<=90,"🟡 Expiring Soon","🟢 Active")))) | J7: 0 | K7: N/A | L7: GrahVarta Apps | M7: One-time $25 paid
A8: 6 | B8: Apple Developer | C8: Apple | D8: App Distribution | E8: Global | F8: 45748 | G8: 46113 | H8: =G8-TODAY() | I8: =IF(G8="","",IF(G8>TODAY()+3650,"🔵 Permanent",IF(H8<=30,"🔴 Critical",IF(H8<=90,"🟡 Expiring Soon","🟢 Active")))) | J8: 99 | K8: Yes | L8: GrahVarta iOS | M8: Annual renewal
I9: =IF(G9="","",IF(G9>TODAY()+3650,"🔵 Permanent",IF(H9<=30,"🔴 Critical",IF(H9<=90,"🟡 Expiring Soon","🟢 Active"))))
I10: =IF(G10="","",IF(G10>TODAY()+3650,"🔵 Permanent",IF(H10<=30,"🔴 Critical",IF(H10<=90,"🟡 Expiring Soon","🟢 Active"))))
I11: =IF(G11="","",IF(G11>TODAY()+3650,"🔵 Permanent",IF(H11<=30,"🔴 Critical",IF(H11<=90,"🟡 Expiring Soon","🟢 Active"))))
I12: =IF(G12="","",IF(G12>TODAY()+3650,"🔵 Permanent",IF(H12<=30,"🔴 Critical",IF(H12<=90,"🟡 Expiring Soon","🟢 Active"))))
I13: =IF(G13="","",IF(G13>TODAY()+3650,"🔵 Permanent",IF(H13<=30,"🔴 Critical",IF(H13<=90,"🟡 Expiring Soon","🟢 Active"))))
I14: =IF(G14="","",IF(G14>TODAY()+3650,"🔵 Permanent",IF(H14<=30,"🔴 Critical",IF(H14<=90,"🟡 Expiring Soon","🟢 Active"))))
I15: =IF(G15="","",IF(G15>TODAY()+3650,"🔵 Permanent",IF(H15<=30,"🔴 Critical",IF(H15<=90,"🟡 Expiring Soon","🟢 Active"))))
I16: =IF(G16="","",IF(G16>TODAY()+3650,"🔵 Permanent",IF(H16<=30,"🔴 Critical",IF(H16<=90,"🟡 Expiring Soon","🟢 Active"))))
I17: =IF(G17="","",IF(G17>TODAY()+3650,"🔵 Permanent",IF(H17<=30,"🔴 Critical",IF(H17<=90,"🟡 Expiring Soon","🟢 Active"))))
I18: =IF(G18="","",IF(G18>TODAY()+3650,"🔵 Permanent",IF(H18<=30,"🔴 Critical",IF(H18<=90,"🟡 Expiring Soon","🟢 Active"))))
I19: =IF(G19="","",IF(G19>TODAY()+3650,"🔵 Permanent",IF(H19<=30,"🔴 Critical",IF(H19<=90,"🟡 Expiring Soon","🟢 Active"))))
I20: =IF(G20="","",IF(G20>TODAY()+3650,"🔵 Permanent",IF(H20<=30,"🔴 Critical",IF(H20<=90,"🟡 Expiring Soon","🟢 Active"))))
... I202: =IF(G202="","",IF(G202>TODAY()+3650,"🔵 Permanent",IF(H202<=30,"🔴 Critical",IF(H202<=90,"🟡 Expiring Soon","🟢 Active"))))
